{
    "tpHL": {
        "l": 1.0,
        "sigma_f": 2.041183019665887e-12,
        "sigma_n": 5.102957549164718e-14
    },
    "tpLH": {
        "l": 1.0,
        "sigma_f": 2.5209037832122193e-12,
        "sigma_n": 6.302259458030549e-14
    },
    "Pavg": {
        "l": 0.4130296963197296,
        "sigma_f": 2.0317496495955953e-05,
        "sigma_n": 5.079374123988989e-07
    },
    "tr": {
        "l": 1.0,
        "sigma_f": 2.1435541838464786e-12,
        "sigma_n": 5.358885459616197e-14
    },
    "tf": {
        "l": 1.0,
        "sigma_f": 1.5629965319382857e-12,
        "sigma_n": 3.9074913298457146e-14
    }
}