{
  "2e-06": {
    "tpHL": 2.1830905216200002e-11,
    "tpLH": 1.0759051100000267e-11,
    "tpavg": 1.62949781588e-11,
    "pav": 3.69881321366e-05,
    "trnext": 2.93244898068e-11,
    "tfnext": 3.79255243494e-11,
    "ctotal": 5.1787138768e-15,
    "Reffn": 3328.79458382,
    "Reffp": 2573.86560942
  },
  "7e-06": {
    "tpHL": 7.236570827999999e-12,
    "tpLH": 1.4883266279999774e-11,
    "tpavg": 1.10599185506e-11,
    "pav": 4.77346477633e-05,
    "trnext": 2.65674926783e-11,
    "tfnext": 2.39826336389e-11,
    "ctotal": 5.86174797032e-15,
    "Reffn": 1859.71781178,
    "Reffp": 2060.15903391
  },
  "1.2e-05": {
    "tpHL": 1.1336816879000014e-12,
    "tpLH": 1.7156633190000166e-11,
    "tpavg": 9.14515744033e-12,
    "pav": 5.54689976854e-05,
    "trnext": 2.76750194159e-11,
    "tfnext": 2.01659128232e-11,
    "ctotal": 6.52110795729e-15,
    "Reffn": 1405.63905253,
    "Reffp": 1929.05168299
  },
  "1.7e-05": {
    "tpHL": -1.862105253700001e-12,
    "tpLH": 1.8594609429999865e-11,
    "tpavg": 8.36625208765e-12,
    "pav": 6.0738004395e-05,
    "trnext": 2.434831745e-11,
    "tfnext": 1.79243243118e-11,
    "ctotal": 6.34421926317e-15,
    "Reffn": 1284.22738934,
    "Reffp": 1744.48841751
  },
  "2.2e-05": {
    "tpHL": -3.824389138799999e-12,
    "tpLH": 1.952530584000016e-11,
    "tpavg": 7.85045835165e-12,
    "pav": 6.38007633161e-05,
    "trnext": 2.29050236342e-11,
    "tfnext": 1.60952909085e-11,
    "ctotal": 6.31262589801e-15,
    "Reffn": 1158.95372865,
    "Reffp": 1649.29374042
  },
  "2.7e-05": {
    "tpHL": -5.2244256362999985e-12,
    "tpLH": 2.0491817310000004e-11,
    "tpavg": 7.63369583881e-12,
    "pav": 6.69676440682e-05,
    "trnext": 2.21936789362e-11,
    "tfnext": 1.47292697009e-11,
    "ctotal": 6.36168779322e-15,
    "Reffn": 1052.41294589,
    "Reffp": 1585.74834352
  },
  "3.2e-05": {
    "tpHL": -6.062128787400001e-12,
    "tpLH": 1.9993215489999876e-11,
    "tpavg": 6.96554335243e-12,
    "pav": 7.12611981433e-05,
    "trnext": 2.37944337456e-11,
    "tfnext": 1.49068118924e-11,
    "ctotal": 6.57174309943e-15,
    "Reffn": 1031.05424009,
    "Reffp": 1645.78126973
  },
  "3.7e-05": {
    "tpHL": -6.8879064408e-12,
    "tpLH": 2.062410553000012e-11,
    "tpavg": 6.8680995437e-12,
    "pav": 7.49033271429e-05,
    "trnext": 2.39467881623e-11,
    "tfnext": 1.42521250655e-11,
    "ctotal": 6.76930739148e-15,
    "Reffn": 957.001697735,
    "Reffp": 1607.97893797
  },
  "4.2e-05": {
    "tpHL": -7.5913196221e-12,
    "tpLH": 2.124430216999992e-11,
    "tpavg": 6.82649127248e-12,
    "pav": 7.50499840089e-05,
    "trnext": 2.41127032924e-11,
    "tfnext": 1.35562492001e-11,
    "ctotal": 6.94801805151e-15,
    "Reffn": 886.861750923,
    "Reffp": 1577.47426634
  },
  "4.7e-05": {
    "tpHL": -8.2058367773e-12,
    "tpLH": 2.1620983389999972e-11,
    "tpavg": 6.70757330713e-12,
    "pav": 7.75865009066e-05,
    "trnext": 2.41798082417e-11,
    "tfnext": 1.30324542368e-11,
    "ctotal": 7.04974961552e-15,
    "Reffn": 840.29123841,
    "Reffp": 1559.0372038
  },
  "5e-05": {
    "tpHL": -8.5417757689e-12,
    "tpLH": 2.2564766359999907e-11,
    "tpavg": 7.01149529528e-12,
    "pav": 7.83221591162e-05,
    "trnext": 1.96595758141e-11,
    "tfnext": 1.28585128795e-11,
    "ctotal": 6.06742904888e-15,
    "Reffn": 963.303985018,
    "Reffp": 1472.81010665
  }
}