{
  "1": {
    "Wn": 2e-06,
    "Wp": 4e-06,
    "Lw": 1e-05,
    "Ww": 1e-06,
    "CL": 4e-12,
    "VDD": 5
  },
  "2": {
    "Wn": 4e-06,
    "Wp": 4e-06,
    "Lw": 1e-05,
    "Ww": 1e-06,
    "CL": 4e-12,
    "VDD": 5
  },
  "3": {
    "Wn": 6e-06,
    "Wp": 4e-06,
    "Lw": 1e-05,
    "Ww": 1e-06,
    "CL": 4e-12,
    "VDD": 5
  },
  "4": {
    "Wn": 8e-06,
    "Wp": 4e-06,
    "Lw": 1e-05,
    "Ww": 1e-06,
    "CL": 4e-12,
    "VDD": 5
  },
  "5": {
    "Wn": 9.999999999999999e-06,
    "Wp": 4e-06,
    "Lw": 1e-05,
    "Ww": 1e-06,
    "CL": 4e-12,
    "VDD": 5
  },
  "6": {
    "Wn": 1.1999999999999999e-05,
    "Wp": 4e-06,
    "Lw": 1e-05,
    "Ww": 1e-06,
    "CL": 4e-12,
    "VDD": 5
  },
  "7": {
    "Wn": 1.3999999999999998e-05,
    "Wp": 4e-06,
    "Lw": 1e-05,
    "Ww": 1e-06,
    "CL": 4e-12,
    "VDD": 5
  },
  "8": {
    "Wn": 1.6e-05,
    "Wp": 4e-06,
    "Lw": 1e-05,
    "Ww": 1e-06,
    "CL": 4e-12,
    "VDD": 5
  },
  "9": {
    "Wn": 1.8e-05,
    "Wp": 4e-06,
    "Lw": 1e-05,
    "Ww": 1e-06,
    "CL": 4e-12,
    "VDD": 5
  },
  "10": {
    "Wn": 2e-05,
    "Wp": 4e-06,
    "Lw": 1e-05,
    "Ww": 1e-06,
    "CL": 4e-12,
    "VDD": 5
  },
  "11": {
    "Wn": 2.2000000000000003e-05,
    "Wp": 4e-06,
    "Lw": 1e-05,
    "Ww": 1e-06,
    "CL": 4e-12,
    "VDD": 5
  },
  "12": {
    "Wn": 2.4000000000000004e-05,
    "Wp": 4e-06,
    "Lw": 1e-05,
    "Ww": 1e-06,
    "CL": 4e-12,
    "VDD": 5
  },
  "13": {
    "Wn": 2.6000000000000005e-05,
    "Wp": 4e-06,
    "Lw": 1e-05,
    "Ww": 1e-06,
    "CL": 4e-12,
    "VDD": 5
  },
  "14": {
    "Wn": 2.8000000000000006e-05,
    "Wp": 4e-06,
    "Lw": 1e-05,
    "Ww": 1e-06,
    "CL": 4e-12,
    "VDD": 5
  },
  "15": {
    "Wn": 3.0000000000000008e-05,
    "Wp": 4e-06,
    "Lw": 1e-05,
    "Ww": 1e-06,
    "CL": 4e-12,
    "VDD": 5
  },
  "16": {
    "Wn": 3.2000000000000005e-05,
    "Wp": 4e-06,
    "Lw": 1e-05,
    "Ww": 1e-06,
    "CL": 4e-12,
    "VDD": 5
  },
  "17": {
    "Wn": 3.4000000000000007e-05,
    "Wp": 4e-06,
    "Lw": 1e-05,
    "Ww": 1e-06,
    "CL": 4e-12,
    "VDD": 5
  },
  "18": {
    "Wn": 3.600000000000001e-05,
    "Wp": 4e-06,
    "Lw": 1e-05,
    "Ww": 1e-06,
    "CL": 4e-12,
    "VDD": 5
  },
  "19": {
    "Wn": 3.800000000000001e-05,
    "Wp": 4e-06,
    "Lw": 1e-05,
    "Ww": 1e-06,
    "CL": 4e-12,
    "VDD": 5
  },
  "20": {
    "Wn": 4.000000000000001e-05,
    "Wp": 4e-06,
    "Lw": 1e-05,
    "Ww": 1e-06,
    "CL": 4e-12,
    "VDD": 5
  },
  "21": {
    "Wn": 4.200000000000001e-05,
    "Wp": 4e-06,
    "Lw": 1e-05,
    "Ww": 1e-06,
    "CL": 4e-12,
    "VDD": 5
  },
  "22": {
    "Wn": 4.400000000000001e-05,
    "Wp": 4e-06,
    "Lw": 1e-05,
    "Ww": 1e-06,
    "CL": 4e-12,
    "VDD": 5
  },
  "23": {
    "Wn": 4.6000000000000014e-05,
    "Wp": 4e-06,
    "Lw": 1e-05,
    "Ww": 1e-06,
    "CL": 4e-12,
    "VDD": 5
  },
  "24": {
    "Wn": 4.8000000000000015e-05,
    "Wp": 4e-06,
    "Lw": 1e-05,
    "Ww": 1e-06,
    "CL": 4e-12,
    "VDD": 5
  }
}